 <?xml version="1.0" encoding="ISO-8859-1"?>
<requisicao-nova-transacao-celular id="32214cf3-312c-406f-8790-4c63f41b0899" versao="1.3.0">
    <dados-ec>
        <numero>1006993069</numero>
        <chave>25fbb99741c739dd84d7b06ec78c9bac718838630f30b112d033ce2e621b34f3</chave>
    </dados-ec>
    <dados-portador>
        <ddd>01</ddd>
        <numero>50000001</numero>
    </dados-portador>
    <dados-pedido>
        <numero>1695237459</numero>
        <valor>1000</valor>
        <moeda>986</moeda>
        <data-hora>2013-02-18T14:32:18</data-hora>
        <descricao>[origem:172.16.34.66]</descricao>
        <idioma>PT</idioma>
    </dados-pedido>
    <forma-pagamento>
        <produto>1</produto>
        <parcelas>1</parcelas>
    </forma-pagamento>
    <url-retorno>http://172.16.34.66:7001/lojaexemplo-2.1/retorno.jsp</url-retorno>
    <capturar>false</capturar>
    <campo-livre></campo-livre>
    <gerar-token>false</gerar-token>
</requisicao-nova-transacao-celular>