<transacao versao="1.3.0" id="32214cf3-312c-406f-8790-4c63f41b0899" xmlns="http://ecommerce.cbmp.com.br" xmlns:xsi="http://www.w3.org/2001/XMLSchema-instance">
  <tid>10069930690864271001</tid>
  <dados-pedido>
    <numero>1695237459</numero>
    <valor>1000</valor>
    <moeda>986</moeda>
    <data-hora>2013-02-18T14:32:27.152-03:00</data-hora>
    <descricao>[origem:172.16.34.66]</descricao>
    <idioma>PT</idioma>
    <taxa-embarque>0</taxa-embarque>
  </dados-pedido>
  <forma-pagamento>
    <bandeira xsi:nil="true"/>
    <produto>1</produto>
    <parcelas>1</parcelas>
  </forma-pagamento>
  <status>0</status>
  <url-autenticacao>http://localhost:7001/web/index.cbmp?id=20336c2725f070c19f62487367fa544a</url-autenticacao>
</transacao>